StartDate,EndDate,Status,IPAddress,Progress,Duration (in seconds),Finished,RecordedDate,ResponseId,RecipientLastName,RecipientFirstName,RecipientEmail,ExternalReference,LocationLatitude,LocationLongitude,DistributionChannel,UserLanguage,QID3,Q1,Q1_9_TEXT,Q2,Q3,Q4,Q4_19_TEXT,Q5,Q6,Q7,Q8,Q8_7_TEXT,Q9,Q9_4_TEXT,Q10,Q11,Q12,Q12_7_TEXT,Q 13-20_1,Q 13-20_2,Q 13-20_3,Q 13-20_4,Q 13-20_5,Q 13-20_6,Q 13-20_7,Q 13-20_8,Q21,Q22,Q 23-38_1,Q 23-38_2,Q 23-38_3,Q 23-38_4,Q 23-38_5,Q 23-38_6,Q 23-38_7,Q 23-38_8,Q 23-38_9,Q 23-38_10,Q 23-38_11,Q 23-38_12,Q 23-38_13,Q 23-38_14,Q 23-38_15,Q 23-38_16,Q 23-38_16_TEXT,Q39,Q40,Q 41-56_1,Q 41-56_2,Q 41-56_3,Q 41-56_4,Q 41-56_5,Q 41-56_6,Q 41-56_7,Q 41-56_8,Q 41-56_9,Q 41-56_10,Q 41-56_11,Q 41-56_12,Q 41-56_13,Q 41-56_14,Q 41-56_15,Q 41-56_16,Q57,Q58,Q59,Q60,Q61
8/27/24 17:47,8/27/24 17:53,IP Address,,100,386,TRUE,8/27/24 17:53,R_6dL3l2Uk4MaShTS,,,,,,,anonymous,EN,Sí,Colombia,,Sí,Nivel universitario,"Inglés,Español",,39,15 años,He usado GenAI.,"ChatGPT,Gemini,Otro",CoPilot,ChatGPT,,"Sí, lo paga mi empleador.","Muy accesibles (por ejemplo, puedo acceder y usar las herramientas de IA generativa cuando quiera)","Computadora,iPad o tableta,Teléfono celular",,4 - Sí,4 - Sí,4 - Sí,4 - Sí,4 - Sí,5 - Mucho,4 - Sí,5 - Mucho,Sí,Semanalmente,4 = En gran medida,3 = En alguna medida,4 = En gran medida,4 = En gran medida,4 = En gran medida,4 = En gran medida,4 = En gran medida,3 = En alguna medida,2 = En poca medida,4 = En gran medida,3 = En alguna medida,4 = En gran medida,3 = En alguna medida,3 = En alguna medida,2 = En poca medida,1 = Para nada,,"Talleres,Programa de preparación de profesores,Colegas,Experimentación",Sí,4 = En gran medida,3 = En alguna medida,3 = En alguna medida,3 = En alguna medida,1 = Para nada,3 = En alguna medida,2 = En poca medida,4 = En gran medida,3 = En alguna medida,4 = En gran medida,3 = En alguna medida,3 = En alguna medida,3 = En alguna medida,1 = Para nada,2 = En poca medida,2 = En poca medida,Listening activities,Variacion de actividades y ayuda en planeacion al profesor,Los sesgos y el uso de datos,Que algunas aplicaciones son pagas como Yoodli ,Cursos constantes para los profesores
8/30/24 10:13,8/30/24 10:23,IP Address,,100,620,TRUE,8/30/24 10:23,R_3QiLVez3ixUWdPh,,,,,,,anonymous,EN,Sí,Colombia,,Sí,Nivel universitario,Inglés,,57,30,He usado GenAI.,"ChatGPT,Gemini,Otro",Mónica ,Otro,"Copilot, Perplexity","No, uso la versión gratuita.","Muy accesibles (por ejemplo, puedo acceder y usar las herramientas de IA generativa cuando quiera)","Computadora,Teléfono celular",,5 - Mucho,5 - Mucho,5 - Mucho,5 - Mucho,5 - Mucho,5 - Mucho,5 - Mucho,5 - Mucho,Sí,Diariamente,5 = Con mucha frecuencia,4 = En gran medida,4 = En gran medida,5 = Con mucha frecuencia,5 = Con mucha frecuencia,5 = Con mucha frecuencia,5 = Con mucha frecuencia,5 = Con mucha frecuencia,5 = Con mucha frecuencia,4 = En gran medida,5 = Con mucha frecuencia,3 = En alguna medida,4 = En gran medida,3 = En alguna medida,2 = En poca medida,1 = Para nada,,"Talleres,Colegas,Internet (por ejemplo, Google, YouTube),Experimentación",Sí,4 = En gran medida,4 = En gran medida,4 = En gran medida,4 = En gran medida,4 = En gran medida,4 = En gran medida,4 = En gran medida,4 = En gran medida,4 = En gran medida,4 = En gran medida,4 = En gran medida,4 = En gran medida,4 = En gran medida,4 = En gran medida,4 = En gran medida,4 = En gran medida,Prácticamente todas las tareas son posibles. Tal vez actividades de desarrollo de escucha,"Muchos. Permite variedad, flexibilidad y creatividad ","Cómo se entrana o forma a los usuarios. 
La seguridad privada con estas herramientas. 
Determinar el buen uso de las mismas ","Acceso a las versiones premium 
Capacitación sobre cómo sacar mejor provecho 
Formación de estudiantes para que la vean como una herramienta que ayuda al aprendizaje y no cómo una forma de plagiar ",Todo lo relacionado a posibles usos y aplicaciones que van surgiendo 
8/28/24 14:48,8/28/24 14:49,IP Address,,50,92,FALSE,9/4/24 14:50,R_5BSnGLtkKqsu7Kp,,,,,,,anonymous,EN,Sí,Colombia,,Sí,Nivel universitario,"Inglés,Español",,30,10,He usado GenAI.,"ChatGPT,Gemini",,Gemini,,"Sí, lo paga mi empleador.","Muy accesibles (por ejemplo, puedo acceder y usar las herramientas de IA generativa cuando quiera)","Computadora,iPad o tableta,Teléfono celular",,,,,,,,,,,,,,,,,,,,,,,,,,,,,,,,,,,,,,,,,,,,,,,,,,,
9/5/24 9:59,9/5/24 10:04,IP Address,,100,290,TRUE,9/5/24 10:04,R_3qfWGy9TdUaAfOA,,,,,,,anonymous,EN,Sí,Colombia,,Sí,Nivel universitario,Inglés,,38,15 años,Nunca he oído hablar de ello.,,,,,,,,,2 - Ligeramente,2 - Ligeramente,2 - Ligeramente,2 - Ligeramente,1 - Para nada,1 - Para nada,1 - Para nada,1 - Para nada,No,,,,,,,,,,,,,,,,,,,"Talleres,Internet (por ejemplo, Google, YouTube),Experimentación",No,,,,,,,,,,,,,,,,,Plan de clases,Muy pertinente en el quehacer pedagógico.,Que reemplace funciones esenciales con el docente.,Poco material para adaptar en Listening.,Desarrollo de habilidades comunicativas y en pronunciación 
9/5/24 12:44,9/5/24 12:47,IP Address,,100,187,TRUE,9/5/24 12:47,R_3Hq3q7mHaHIRKw8,,,,,,,anonymous,EN,Sí,Colombia,,Sí,Escuela secundaria,Inglés,,36,10 años,"He oído hablar de ello, pero no lo uso.",,,,,,,,,2 - Ligeramente,2 - Ligeramente,2 - Ligeramente,2 - Ligeramente,2 - Ligeramente,2 - Ligeramente,2 - Ligeramente,2 - Ligeramente,No,,,,,,,,,,,,,,,,,,,Aún no he aprendido cómo usar la inteligencia artificial generativa en mi aula.,No,,,,,,,,,,,,,,,,,Mejorar la producción oral en un segundo idioma,,,,
9/5/24 17:58,9/5/24 18:10,IP Address,,100,684,TRUE,9/5/24 18:10,R_1Gdfy4b6jj1xUv2,,,,,,,anonymous,EN,Sí,Colombia,,Sí,"Escuela media,Nivel universitario","Inglés,Francés,Español",,39,12 año,He usado GenAI.,ChatGPT,,ChatGPT,,"No, uso la versión gratuita.","Muy accesibles (por ejemplo, puedo acceder y usar las herramientas de IA generativa cuando quiera)","Computadora,Teléfono celular",,4 - Sí,4 - Sí,4 - Sí,4 - Sí,1 - Para nada,4 - Sí,3 - Moderadamente,4 - Sí,Sí,Diariamente,5 = Con mucha frecuencia,5 = Con mucha frecuencia,5 = Con mucha frecuencia,5 = Con mucha frecuencia,1 = Para nada,5 = Con mucha frecuencia,3 = En alguna medida,1 = Para nada,2 = En poca medida,3 = En alguna medida,3 = En alguna medida,1 = Para nada,5 = Con mucha frecuencia,1 = Para nada,5 = Con mucha frecuencia,1 = Para nada,No,"Talleres,Colegas,Internet (por ejemplo, Google, YouTube),Experimentación",Sí,2 = En poca medida,3 = En alguna medida,2 = En poca medida,3 = En alguna medida,1 = Para nada,3 = En alguna medida,2 = En poca medida,1 = Para nada,1 = Para nada,3 = En alguna medida,2 = En poca medida,1 = Para nada,3 = En alguna medida,1 = Para nada,1 = Para nada,2 = En poca medida,Retroalimentación de estudiantes.,Ahorro de tiempo y esfuerzo.,"Que mis estudiantes se dediquen a copiar lo que sacan de ahí sin entender, cuestionar o aprender nada.",Crear los prompts correctos para que el chat me genere lo que necesito.,"Sí, para crear prompts óptimos para diversas tareas y para generar textos hablados. También para la creación de guías de trabajo, ya que hasta el momento no lo he logrado por mí misma. "
9/10/24 9:06,9/10/24 9:13,IP Address,,100,437,TRUE,9/10/24 9:13,R_7do9vknHLUqAoSR,,,,,,,anonymous,EN,Sí,Colombia,,Sí,Escuela primaria,Inglés,,32,4,He usado GenAI.,ChatGPT,,ChatGPT,,"No, uso la versión gratuita.","Muy accesibles (por ejemplo, puedo acceder y usar las herramientas de IA generativa cuando quiera)",Computadora,,4 - Sí,3 - Moderadamente,3 - Moderadamente,5 - Mucho,3 - Moderadamente,3 - Moderadamente,3 - Moderadamente,2 - Ligeramente,Sí,Diariamente,4 = En gran medida,4 = En gran medida,4 = En gran medida,4 = En gran medida,2 = En poca medida,4 = En gran medida,3 = En alguna medida,2 = En poca medida,2 = En poca medida,2 = En poca medida,4 = En gran medida,3 = En alguna medida,2 = En poca medida,2 = En poca medida,2 = En poca medida,4 = En gran medida,Editar textos. ,"Internet (por ejemplo, Google, YouTube),Experimentación",No,,,,,,,,,,,,,,,,,"Redacción de correos dirigidos a mis estudiantes o padres de familia. 
Mensajes personales. ",Versatilidad.,Perdida de disciplina y esfuerzo cognitivo al momento de pensar en una idea o redacción de un texto.,"No muchos, muy intuitivo.",Sí. Training en IA con un approach en EDTECH.
9/16/24 15:04,9/16/24 15:05,IP Address,,100,112,TRUE,9/16/24 15:05,R_7IRzVSdpkzvioCA,,,,,,,anonymous,EN,Sí,Colombia,,Sí,Nivel universitario,Inglés,,53,25,"He oído hablar de ello, pero no lo uso.",,,,,,,,,3 - Moderadamente,3 - Moderadamente,3 - Moderadamente,3 - Moderadamente,2 - Ligeramente,2 - Ligeramente,2 - Ligeramente,2 - Ligeramente,No,,,,,,,,,,,,,,,,,,,"Programa de preparación de profesores,Estudiantes/Niños,Experimentación",No,,,,,,,,,,,,,,,,,,,,,
9/16/24 15:04,9/16/24 15:07,IP Address,,100,212,TRUE,9/16/24 15:07,R_5CPfVz7aikoMX6N,,,,,,,anonymous,EN,Sí,Colombia,,Sí,Nivel universitario,"Inglés,Francés",,34 años,10 años,"He oído hablar de ello, pero no lo uso.",,,,,,,,,3 - Moderadamente,4 - Sí,4 - Sí,4 - Sí,3 - Moderadamente,3 - Moderadamente,3 - Moderadamente,4 - Sí,No,,,,,,,,,,,,,,,,,,,"Colegas,Estudiantes/Niños",No,,,,,,,,,,,,,,,,,Para actividades de simulación,La retroalimentación es eficaz ,La copia exacta de textos hechos por la IA,Los estudiantes no solo lo usan para una actividad especifica sino para todo,"Si, múltiples aplicaciones para usar en actividades de habla"
9/16/24 15:04,9/16/24 15:09,IP Address,,100,293,TRUE,9/16/24 15:09,R_5xUMiWPtHCVHEtP,,,,,,,anonymous,EN,Sí,Colombia,,Sí,Nivel universitario,Alemán,,36,16,He usado GenAI.,"ChatGPT,Gemini",,Gemini,,"No, uso la versión gratuita.","Muy accesibles (por ejemplo, puedo acceder y usar las herramientas de IA generativa cuando quiera)","Computadora,iPad o tableta,Teléfono celular",,4 - Sí,4 - Sí,4 - Sí,4 - Sí,4 - Sí,4 - Sí,4 - Sí,4 - Sí,Sí,Semanalmente,5 = Con mucha frecuencia,4 = En gran medida,4 = En gran medida,5 = Con mucha frecuencia,2 = En poca medida,5 = Con mucha frecuencia,3 = En alguna medida,2 = En poca medida,2 = En poca medida,4 = En gran medida,5 = Con mucha frecuencia,4 = En gran medida,3 = En alguna medida,3 = En alguna medida,2 = En poca medida,1 = Para nada,Ninguno,"Talleres,Colegas,Experimentación",No,,,,,,,,,,,,,,,,,,,,,
9/16/24 15:24,9/16/24 15:30,IP Address,,100,353,TRUE,9/16/24 15:30,R_6zC2cuaUvhQ9EPG,,,,,,,anonymous,EN,Sí,Colombia,,Sí,Nivel universitario,Inglés,,38,15 años,He usado GenAI.,"ChatGPT,Gemini,Otro",,ChatGPT,,"No, uso la versión gratuita.","Algo accesibles (por ejemplo, puedo acceder a la IA generativa, pero no siempre es fácil)","Computadora,iPad o tableta,Teléfono celular",,3 - Moderadamente,4 - Sí,3 - Moderadamente,4 - Sí,4 - Sí,3 - Moderadamente,3 - Moderadamente,4 - Sí,Sí,Semanalmente,3 = En alguna medida,4 = En gran medida,3 = En alguna medida,4 = En gran medida,2 = En poca medida,3 = En alguna medida,3 = En alguna medida,3 = En alguna medida,3 = En alguna medida,4 = En gran medida,4 = En gran medida,3 = En alguna medida,3 = En alguna medida,2 = En poca medida,1 = Para nada,1 = Para nada,No,"Talleres,Colegas,Internet (por ejemplo, Google, YouTube),Experimentación",No,,,,,,,,,,,,,,,,,Trabajo administrativo,Trabajo más agil,"Temas éticos: deshonestidad en el trabajo
Menos esfuerzo mental, dejar de producir contenido",Confiabilidad en las respuestas ,Sí
9/16/24 15:17,9/16/24 15:32,IP Address,,100,909,TRUE,9/16/24 15:32,R_1EoODR1XFySgkU8,,,,,,,anonymous,EN,Sí,Colombia,,Sí,Nivel universitario,Inglés,,55,25,He usado GenAI.,"ChatGPT,Claude,Gemini",,ChatGPT,,"No, uso la versión gratuita.","Muy accesibles (por ejemplo, puedo acceder y usar las herramientas de IA generativa cuando quiera)","Computadora,Teléfono celular",,4 - Sí,4 - Sí,4 - Sí,4 - Sí,4 - Sí,4 - Sí,4 - Sí,4 - Sí,Sí,Semanalmente,3 = En alguna medida,3 = En alguna medida,3 = En alguna medida,3 = En alguna medida,3 = En alguna medida,3 = En alguna medida,3 = En alguna medida,3 = En alguna medida,3 = En alguna medida,3 = En alguna medida,3 = En alguna medida,3 = En alguna medida,3 = En alguna medida,3 = En alguna medida,3 = En alguna medida,3 = En alguna medida,,Programa de preparación de profesores,Sí,2 = En poca medida,2 = En poca medida,2 = En poca medida,2 = En poca medida,2 = En poca medida,2 = En poca medida,3 = En alguna medida,3 = En alguna medida,3 = En alguna medida,3 = En alguna medida,3 = En alguna medida,3 = En alguna medida,3 = En alguna medida,3 = En alguna medida,3 = En alguna medida,3 = En alguna medida,Información personal. Me gustaría utilizarla más para que los estudiantes puedan mejorar el vocabulario. ,"Generación de ideas.
Contextualización del conocimiento 
Gasificación del aprendizaje ",Orientar adecuadamente a los estudiantes para que la utilicen como apoyo y no para copiar y traducir. ,Desarrollo de actividades que sigan motivando a los estudiantes al pensamiento crítico. ,"Sí,  generar actividades creativas para mis estudiantes. "
9/16/24 16:04,9/16/24 16:30,IP Address,,100,1524,TRUE,9/16/24 16:30,R_7czuE95oqIZd2Pz,,,,,,,anonymous,EN,Sí,Colombia,,Sí,Nivel universitario,"Inglés,Francés",,33,8 años,Nunca he oído hablar de ello.,,,,,,,,,2 - Ligeramente,5 - Mucho,3 - Moderadamente,5 - Mucho,3 - Moderadamente,3 - Moderadamente,3 - Moderadamente,5 - Mucho,No,,,,,,,,,,,,,,,,,,,"Colegas,Aún no he aprendido cómo usar la inteligencia artificial generativa en mi aula.",No,,,,,,,,,,,,,,,,,"Quizá prácticas de habla en un segundo idioma, corregir textos y usarlo para contextos reales","Fácil acceso
Innovativo
Didactico
","Falta de uso de habilidades de pensamiento
Problemas a nivel cognitivo
Derechos de autor
Fallas tecnicas
","De hecho no me gusta mucho usarlas ya que los estudiantes se vuelven muy dependientes de las mismas, incluso en tareas muy sencillas. La barrera la encuentro en la autonomia de los estudiantes y desafío, el saber cómo funcionan y de qué manera apropiada usarlas en el aula de clase.","Me encantaría recibir desarrollo profesional sobre IA. Estrategias para aplicarla de manera correcta en clase, consejos para permitir la autonomia y creatividad de los estudiantes, riesgos del uso de la misma, consejos para cuidar información persona."
9/16/24 17:34,9/16/24 17:38,IP Address,,100,213,TRUE,9/16/24 17:38,R_1CHQGNFz0MZh684,,,,,,,anonymous,EN,Sí,Colombia,,Sí,"Escuela secundaria,Nivel universitario",Portugués,,43,22 años,Nunca he oído hablar de ello.,,,,,,,,,2 - Ligeramente,2 - Ligeramente,2 - Ligeramente,2 - Ligeramente,2 - Ligeramente,2 - Ligeramente,2 - Ligeramente,2 - Ligeramente,No,,,,,,,,,,,,,,,,,,,Talleres,Sí,1 = Para nada,1 = Para nada,1 = Para nada,1 = Para nada,1 = Para nada,1 = Para nada,1 = Para nada,1 = Para nada,1 = Para nada,1 = Para nada,1 = Para nada,1 = Para nada,1 = Para nada,1 = Para nada,1 = Para nada,1 = Para nada,,,,,
9/16/24 16:11,9/16/24 18:09,IP Address,,100,7100,TRUE,9/16/24 18:09,R_5O8EpiGU1VKz8bq,,,,,,,anonymous,EN,Sí,Colombia,,Sí,"Escuela primaria,Nivel universitario",Inglés,,41 años,17 años,He usado GenAI.,"ChatGPT,Gemini",,ChatGPT,,"No, uso la versión gratuita.","Algo accesibles (por ejemplo, puedo acceder a la IA generativa, pero no siempre es fácil)","Computadora,Teléfono celular",,4 - Sí,4 - Sí,3 - Moderadamente,2 - Ligeramente,3 - Moderadamente,4 - Sí,4 - Sí,4 - Sí,Sí,Mensualmente,3 = En alguna medida,4 = En gran medida,5 = Con mucha frecuencia,5 = Con mucha frecuencia,3 = En alguna medida,5 = Con mucha frecuencia,4 = En gran medida,3 = En alguna medida,3 = En alguna medida,2 = En poca medida,3 = En alguna medida,3 = En alguna medida,5 = Con mucha frecuencia,4 = En gran medida,4 = En gran medida,4 = En gran medida,Crear presentaciones sobre ciertos temas,"Colegas,Internet (por ejemplo, Google, YouTube),Experimentación",No,,,,,,,,,,,,,,,,,,,,,
9/17/24 7:37,9/17/24 7:38,IP Address,,100,42,TRUE,9/17/24 7:38,R_6DGVQUM9joT9nIq,,,,,,,anonymous,EN,Sí,Colombia,,No,,,,,,,,,,,,,,,,,,,,,,,,,,,,,,,,,,,,,,,,,,,,,,,,,,,,,,,,,,,,,,,,
9/17/24 7:27,9/17/24 7:41,IP Address,,100,842,TRUE,9/17/24 7:41,R_6YRlCAXOTJJLo1t,,,,,,,anonymous,EN,Sí,Colombia,,Sí,"Escuela media,Escuela secundaria,Nivel universitario",Portugués,,38,8,He usado GenAI.,ChatGPT,,ChatGPT,,"No, uso la versión gratuita.","Muy accesibles (por ejemplo, puedo acceder y usar las herramientas de IA generativa cuando quiera)",Computadora,,3 - Moderadamente,3 - Moderadamente,4 - Sí,4 - Sí,4 - Sí,4 - Sí,4 - Sí,4 - Sí,Sí,Mensualmente,3 = En alguna medida,3 = En alguna medida,3 = En alguna medida,3 = En alguna medida,2 = En poca medida,2 = En poca medida,2 = En poca medida,2 = En poca medida,2 = En poca medida,3 = En alguna medida,3 = En alguna medida,1 = Para nada,3 = En alguna medida,1 = Para nada,1 = Para nada,1 = Para nada,,"Talleres,Programa de preparación de profesores,Colegas,Internet (por ejemplo, Google, YouTube),Experimentación",Sí,3 = En alguna medida,3 = En alguna medida,3 = En alguna medida,3 = En alguna medida,3 = En alguna medida,3 = En alguna medida,3 = En alguna medida,3 = En alguna medida,3 = En alguna medida,3 = En alguna medida,3 = En alguna medida,3 = En alguna medida,3 = En alguna medida,3 = En alguna medida,3 = En alguna medida,3 = En alguna medida,,Ayuda en agilizar las tareas.,Algunas veces un poco difícil.,Algunas personas encontramos dificultades con los idiomas. Por ejemplo traducir alguna frase.,"Si, curso y capacitad."
9/17/24 8:19,9/17/24 8:35,IP Address,,100,943,TRUE,9/17/24 8:35,R_1DYG6DLLRRXlq7Y,,,,,,,anonymous,EN,Sí,Colombia,,Sí,Nivel universitario,Inglés,,45,24,He usado GenAI.,"ChatGPT,Gemini",,ChatGPT,,"No, uso la versión gratuita.","Muy accesibles (por ejemplo, puedo acceder y usar las herramientas de IA generativa cuando quiera)","Computadora,Teléfono celular",,5 - Mucho,3 - Moderadamente,3 - Moderadamente,3 - Moderadamente,4 - Sí,4 - Sí,4 - Sí,4 - Sí,Sí,Semanalmente,3 = En alguna medida,2 = En poca medida,1 = Para nada,3 = En alguna medida,2 = En poca medida,2 = En poca medida,3 = En alguna medida,2 = En poca medida,2 = En poca medida,1 = Para nada,3 = En alguna medida,3 = En alguna medida,3 = En alguna medida,1 = Para nada,2 = En poca medida,3 = En alguna medida,generar imágenes,Experimentación,No,,,,,,,,,,,,,,,,,calificar textos escritos ,"Desarrollar y aplicar escenarios o situaciones cotidianas, laborales y culturales en los que los estudiantes puedan interactuar con la GenAI, con el fin de potenciar las habilidades comunicativas de los estudiantes.",El uso incorrecto que se le podría dar en relación a la construcción de productos que evidencien la apropiación de los contenidos de un curso.,"Como barrera encuentro la falta de conocimiento en la construcción de las instrucciones (prompts) que se le entregan a la herramienta para que genere algún producto, idea, etc.",Si. Pautas para la creación de prompts. 
9/17/24 9:00,9/17/24 9:04,IP Address,,100,233,TRUE,9/17/24 9:04,R_5nIcC6oBhwdGSRk,,,,,,,anonymous,EN,Sí,Colombia,,Sí,"Escuela media,Escuela secundaria,Nivel universitario",Portugués,,69,16,He usado GenAI.,"ChatGPT,Gemini",,Gemini,,"No, uso la versión gratuita.","Muy accesibles (por ejemplo, puedo acceder y usar las herramientas de IA generativa cuando quiera)","Computadora,Teléfono celular",,4 - Sí,5 - Mucho,4 - Sí,4 - Sí,4 - Sí,4 - Sí,4 - Sí,4 - Sí,Sí,Semanalmente,4 = En gran medida,4 = En gran medida,4 = En gran medida,4 = En gran medida,4 = En gran medida,4 = En gran medida,4 = En gran medida,4 = En gran medida,4 = En gran medida,4 = En gran medida,4 = En gran medida,4 = En gran medida,4 = En gran medida,4 = En gran medida,4 = En gran medida,4 = En gran medida,,"Talleres,Colegas,Internet (por ejemplo, Google, YouTube),Experimentación",No,,,,,,,,,,,,,,,,,,,,,
9/17/24 9:52,9/17/24 9:55,IP Address,,100,185,TRUE,9/17/24 9:55,R_6jcUsvm4xcdPvyg,,,,,,,anonymous,EN,Sí,Colombia,,Sí,Nivel universitario,Inglés,,49,28 años,Nunca he oído hablar de ello.,,,,,,,,,1 - Para nada,1 - Para nada,1 - Para nada,1 - Para nada,1 - Para nada,1 - Para nada,1 - Para nada,1 - Para nada,No,,,,,,,,,,,,,,,,,,,Talleres,No,,,,,,,,,,,,,,,,,No lo he usado.,No entiendo el concepto.,Capacitación,"Mucha herramienta, poca práctica.",Si. Capacitación en herramientas y uso.
9/17/24 13:57,9/17/24 14:04,IP Address,,100,402,TRUE,9/17/24 14:04,R_7J3H4HHJcH8VZWh,,,,,,,anonymous,EN,Sí,Colombia,,Sí,Nivel universitario,Inglés,,48,24 años,He usado GenAI.,"ChatGPT,Gemini",,ChatGPT,,"No, uso la versión gratuita.","Muy accesibles (por ejemplo, puedo acceder y usar las herramientas de IA generativa cuando quiera)","Computadora,Teléfono celular",,4 - Sí,4 - Sí,4 - Sí,4 - Sí,3 - Moderadamente,4 - Sí,4 - Sí,5 - Mucho,Sí,Mensualmente,3 = En alguna medida,3 = En alguna medida,2 = En poca medida,4 = En gran medida,3 = En alguna medida,3 = En alguna medida,3 = En alguna medida,3 = En alguna medida,4 = En gran medida,2 = En poca medida,3 = En alguna medida,2 = En poca medida,4 = En gran medida,3 = En alguna medida,4 = En gran medida,3 = En alguna medida,,"Talleres,Colegas,Internet (por ejemplo, Google, YouTube),Experimentación",No,,,,,,,,,,,,,,,,,NA,Ahorro de tiempo. Diversidad de modelos.,El estudiante pierde capacidad de análisis. Ralentiza el proceso de aprendizaje porque se copia y pega la información.,"Se trabaja la memoria, pero no el análisis.",Si. Usarlo para crear escape rooms.
9/17/24 14:36,9/17/24 14:46,IP Address,,100,622,TRUE,9/17/24 14:46,R_1CUgUs9k9uqaUVF,,,,,,,anonymous,EN,Sí,Colombia,,Sí,"Escuela primaria,Nivel universitario",Inglés,,47,25,He usado GenAI.,"ChatGPT,Gemini",,ChatGPT,,"No, uso la versión gratuita.","Muy accesibles (por ejemplo, puedo acceder y usar las herramientas de IA generativa cuando quiera)","Computadora,Teléfono celular",,3 - Moderadamente,4 - Sí,4 - Sí,5 - Mucho,3 - Moderadamente,3 - Moderadamente,4 - Sí,5 - Mucho,Sí,Semanalmente,3 = En alguna medida,3 = En alguna medida,4 = En gran medida,2 = En poca medida,2 = En poca medida,2 = En poca medida,2 = En poca medida,4 = En gran medida,1 = Para nada,3 = En alguna medida,2 = En poca medida,2 = En poca medida,1 = Para nada,1 = Para nada,5 = Con mucha frecuencia,3 = En alguna medida,,"Talleres,Programa de preparación de profesores,Colegas,Estudiantes/Niños,Internet (por ejemplo, Google, YouTube),Experimentación",No,,,,,,,,,,,,,,,,,La usuaria para todo,"Practica, retroalimentación inmediata.","Que los estudiantes plangian o utilizan AI sin pensar, sin aprender ",La versión gratuita no es tan buena y no puedo pagar la que cuesta.,.
9/17/24 16:47,9/17/24 17:02,IP Address,,100,890,TRUE,9/17/24 17:02,R_3tfXzKBZuF0DXgt,,,,,,,anonymous,EN,Sí,Colombia,,Sí,Nivel universitario,Inglés,,41,14 años,He usado GenAI.,"ChatGPT,Gemini,Otro",Twee,ChatGPT,,"No, uso la versión gratuita.","Muy accesibles (por ejemplo, puedo acceder y usar las herramientas de IA generativa cuando quiera)","Computadora,iPad o tableta,Teléfono celular",,4 - Sí,4 - Sí,4 - Sí,3 - Moderadamente,4 - Sí,3 - Moderadamente,3 - Moderadamente,3 - Moderadamente,Sí,Semanalmente,2 = En poca medida,3 = En alguna medida,2 = En poca medida,3 = En alguna medida,1 = Para nada,1 = Para nada,3 = En alguna medida,1 = Para nada,1 = Para nada,4 = En gran medida,2 = En poca medida,3 = En alguna medida,2 = En poca medida,2 = En poca medida,2 = En poca medida,1 = Para nada,,"Talleres,Programa de preparación de profesores,Colegas,Internet (por ejemplo, Google, YouTube),Experimentación",Sí,2 = En poca medida,3 = En alguna medida,3 = En alguna medida,2 = En poca medida,2 = En poca medida,2 = En poca medida,2 = En poca medida,2 = En poca medida,2 = En poca medida,2 = En poca medida,2 = En poca medida,3 = En alguna medida,2 = En poca medida,2 = En poca medida,2 = En poca medida,2 = En poca medida,,Menor esfuerzo en la elaboración de actividades. ,"Que las respuestas dadas por la IA no sean correctas. 
La falta de producción original por parte de los estudiantes. ","Uso la versión gratuita y tiene limitaciones de número de mensajes, creación de imágenes, entre otras. ","Sí, diferentes usos de dichas herramientas. "
9/18/24 8:45,9/18/24 9:36,IP Address,,100,3062,TRUE,9/18/24 9:36,R_1MLvd4HM0zs5Chc,,,,,,,anonymous,EN,Sí,Colombia,,Sí,Nivel universitario,Inglés,,38,17 años,He usado GenAI.,"ChatGPT,Otro",Copilot,ChatGPT,,"No, uso la versión gratuita.","Muy accesibles (por ejemplo, puedo acceder y usar las herramientas de IA generativa cuando quiera)",Computadora,,3 - Moderadamente,3 - Moderadamente,3 - Moderadamente,3 - Moderadamente,3 - Moderadamente,2 - Ligeramente,2 - Ligeramente,2 - Ligeramente,Sí,Mensualmente,1 = Para nada,2 = En poca medida,1 = Para nada,2 = En poca medida,2 = En poca medida,2 = En poca medida,1 = Para nada,1 = Para nada,2 = En poca medida,2 = En poca medida,2 = En poca medida,1 = Para nada,1 = Para nada,1 = Para nada,1 = Para nada,1 = Para nada,,"Talleres,Programa de preparación de profesores,Colegas",Sí,3 = En alguna medida,3 = En alguna medida,2 = En poca medida,2 = En poca medida,2 = En poca medida,2 = En poca medida,3 = En alguna medida,1 = Para nada,1 = Para nada,1 = Para nada,2 = En poca medida,1 = Para nada,2 = En poca medida,1 = Para nada,1 = Para nada,1 = Para nada,*,el proveer un feedback de guianza acerca del desempeño en determinado reto productivo.,la dependencia y menos productividad propia,el acogerse a la comodidad de que la IA haga el trabajo por mi y por mis estudiantes,"si, el como manejar y usar éticamente cada una de las herramientas."
9/18/24 10:44,9/18/24 10:54,IP Address,,100,644,TRUE,9/18/24 10:54,R_3QXUPcKw7z5H3Hj,,,,,,,anonymous,EN,Sí,Colombia,,Sí,Nivel universitario,Inglés,,30,9 años,He usado GenAI.,"ChatGPT,Gemini,Otro",GenAI en quizizz. Gamma.,ChatGPT,,"No, uso la versión gratuita.","Muy accesibles (por ejemplo, puedo acceder y usar las herramientas de IA generativa cuando quiera)","Computadora,Teléfono celular",,5 - Mucho,5 - Mucho,5 - Mucho,4 - Sí,4 - Sí,4 - Sí,4 - Sí,4 - Sí,Sí,Semanalmente,4 = En gran medida,3 = En alguna medida,3 = En alguna medida,4 = En gran medida,3 = En alguna medida,4 = En gran medida,4 = En gran medida,4 = En gran medida,3 = En alguna medida,3 = En alguna medida,4 = En gran medida,3 = En alguna medida,4 = En gran medida,4 = En gran medida,4 = En gran medida,4 = En gran medida,,"Colegas,Internet (por ejemplo, Google, YouTube),Experimentación",No,,,,,,,,,,,,,,,,,Calificar escritos,"Se le podría enseñar a los estudiantes a usar responsablemente todas estas herramientas, para mejorar su proceso de aprendizaje más que para hacerles la tarea.",Que todos los textos escritos solicitados a estudiantes sean producidos por GenAi.,Encontrar el equilibro entre el uso adecuado y la sobre utilización de estas herramientas. ,Sí. Me gustaría conocer más herramientas y más usos de todas las herramientas de IAs que existen hoy en día.
9/19/24 20:22,9/19/24 20:26,IP Address,,100,258,TRUE,9/19/24 20:26,R_6tD8SwDKOa11Edd,,,,,,,anonymous,EN,Sí,Colombia,,Sí,"Escuela media,Escuela secundaria,Nivel universitario",Inglés,,34,12 años,Nunca he oído hablar de ello.,,,,,,,,,1 - Para nada,1 - Para nada,1 - Para nada,1 - Para nada,1 - Para nada,1 - Para nada,1 - Para nada,1 - Para nada,No,,,,,,,,,,,,,,,,,,,Aún no he aprendido cómo usar la inteligencia artificial generativa en mi aula.,No,,,,,,,,,,,,,,,,,,,,,
9/16/24 14:31,9/16/24 14:31,IP Address,,13,26,FALSE,9/23/24 14:31,R_55uaW5SVCT115C1,,,,,,,anonymous,EN,Sí,Colombia,,Sí,,,,,,,,,,,,,,,,,,,,,,,,,,,,,,,,,,,,,,,,,,,,,,,,,,,,,,,,,,,,,,,,
9/16/24 18:36,9/16/24 21:22,IP Address,,87,9958,FALSE,9/23/24 21:22,R_1kIHQi237ywCW2R,,,,,,,anonymous,EN,Sí,Colombia,,Sí,Nivel universitario,Inglés,,.,10 años,He usado GenAI.,"ChatGPT,Otro",Copilot,ChatGPT,,"Sí, lo pago yo.","Muy accesibles (por ejemplo, puedo acceder y usar las herramientas de IA generativa cuando quiera)","Computadora,Teléfono celular",,4 - Sí,4 - Sí,4 - Sí,3 - Moderadamente,4 - Sí,4 - Sí,3 - Moderadamente,3 - Moderadamente,Sí,Semanalmente,5 = Con mucha frecuencia,5 = Con mucha frecuencia,5 = Con mucha frecuencia,4 = En gran medida,1 = Para nada,4 = En gran medida,2 = En poca medida,1 = Para nada,2 = En poca medida,3 = En alguna medida,4 = En gran medida,4 = En gran medida,2 = En poca medida,2 = En poca medida,2 = En poca medida,1 = Para nada,,"Talleres,Colegas,Experimentación",No,,,,,,,,,,,,,,,,,Calificar examenes orales,,,,
9/17/24 9:15,9/17/24 9:39,IP Address,,70,1465,FALSE,9/24/24 9:39,R_3kUBAjZJcVFNBu4,,,,,,,anonymous,EN,Sí,Colombia,,Sí,Nivel universitario,Inglés,,28,8,"He oído hablar de ello, pero no lo uso.",,,,,,,,,1 - Para nada,1 - Para nada,1 - Para nada,1 - Para nada,1 - Para nada,1 - Para nada,1 - Para nada,1 - Para nada,No,,,,,,,,,,,,,,,,,,,,,,,,,,,,,,,,,,,,,,,,,
9/17/24 10:56,9/17/24 11:03,IP Address,,13,417,FALSE,9/24/24 11:03,R_79mJolHwQZLnlGI,,,,,,,anonymous,EN,Sí,Colombia,,Sí,,,,,,,,,,,,,,,,,,,,,,,,,,,,,,,,,,,,,,,,,,,,,,,,,,,,,,,,,,,,,,,,
10/15/24 9:27,10/15/24 9:37,IP Address,,100,642,TRUE,10/15/24 9:37,R_35Zo4b8qc3E3GWJ,,,,,,,anonymous,EN,Sí,Colombia,,Sí,Escuela secundaria,Inglés,,44,14,"He oído hablar de ello, pero no lo uso.",,,,,,,,,2 - Ligeramente,3 - Moderadamente,4 - Sí,3 - Moderadamente,1 - Para nada,1 - Para nada,1 - Para nada,2 - Ligeramente,No,,,,,,,,,,,,,,,,,,,"Internet (por ejemplo, Google, YouTube),Experimentación,Aún no he aprendido cómo usar la inteligencia artificial generativa en mi aula.",No,,,,,,,,,,,,,,,,,"Actividades de escritura y habla.
","Optimización del tiempo.
Diversidad de materiales y herramientas.",Falta de  experiencia y conocimiento.,Plagio,"Talleres prácticos y expereciales.
"
10/15/24 11:09,10/15/24 11:10,IP Address,,100,104,TRUE,10/15/24 11:10,R_10SXYtrdwXWNRml,,,,,,,anonymous,EN,Sí,Colombia,,No,,,,,,,,,,,,,,,,,,,,,,,,,,,,,,,,,,,,,,,,,,,,,,,,,,,,,,,,,,,,,,,,
10/23/24 14:34,10/23/24 14:46,IP Address,,100,761,TRUE,10/23/24 14:46,R_3kFc4hBd9iofara,,,,,,,anonymous,EN,Sí,Colombia,,Sí,"Preescolar,Escuela primaria,Escuela media",Inglés,,31,5 años ,He usado GenAI.,ChatGPT,,ChatGPT,,"No, uso la versión gratuita.","Muy accesibles (por ejemplo, puedo acceder y usar las herramientas de IA generativa cuando quiera)",Computadora,,2 - Ligeramente,3 - Moderadamente,3 - Moderadamente,3 - Moderadamente,3 - Moderadamente,3 - Moderadamente,3 - Moderadamente,4 - Sí,Sí,Semanalmente,4 = En gran medida,2 = En poca medida,2 = En poca medida,2 = En poca medida,2 = En poca medida,2 = En poca medida,3 = En alguna medida,3 = En alguna medida,2 = En poca medida,4 = En gran medida,3 = En alguna medida,2 = En poca medida,2 = En poca medida,3 = En alguna medida,3 = En alguna medida,3 = En alguna medida,Investigar,"Colegas,Experimentación",No,,,,,,,,,,,,,,,,,Escribir mi tesis de investigación. Solo para aclarar dudas.,La cantidad de información a la que se tiene acceso.,Dependencia excesiva de esta.,Tender a usarlo de manera constante.,"Sí, me gustaría saber cuáles son las herramientas más efectivas y cómo usarlas.
"
10/23/24 14:41,10/23/24 14:51,IP Address,,100,603,TRUE,10/23/24 14:51,R_6njiI8yDPiXfAS5,,,,,,,anonymous,EN,Sí,Colombia,,Sí,Escuela secundaria,Inglés,,36,13 años ,He usado GenAI.,"ChatGPT,Otro",,Otro,"Copilot, Humata","No, uso la versión gratuita.","Muy accesibles (por ejemplo, puedo acceder y usar las herramientas de IA generativa cuando quiera)","Computadora,Teléfono celular",,4 - Sí,4 - Sí,4 - Sí,3 - Moderadamente,3 - Moderadamente,3 - Moderadamente,3 - Moderadamente,4 - Sí,Sí,Semanalmente,3 = En alguna medida,3 = En alguna medida,4 = En gran medida,4 = En gran medida,2 = En poca medida,3 = En alguna medida,3 = En alguna medida,2 = En poca medida,3 = En alguna medida,3 = En alguna medida,3 = En alguna medida,2 = En poca medida,2 = En poca medida,4 = En gran medida,4 = En gran medida,3 = En alguna medida,Evaluar actividades o planes de clases,"Colegas,Internet (por ejemplo, Google, YouTube),Experimentación",No,,,,,,,,,,,,,,,,,Generación de textos orales en ingles.  ,Posibilita un abanico de opciones de forma rápida y eficiente para la planeacion de clases. ,El uso excesivo que hacen los estudiantes para la creación de textos. ,Limitacion de acceso a características premium y recursos y conectividad para usarla en el aula de clases. ,"Si, su comprensión en profundidad y su uso de IA para la educación; como usarla para evitar dilemas éticos. "
10/23/24 14:53,10/23/24 15:02,IP Address,,100,535,TRUE,10/23/24 15:02,R_1pxtuwbySBouwxJ,,,,,,,anonymous,EN,Sí,Colombia,,Sí,"Escuela secundaria,Nivel universitario",Inglés,,35,17 años,He usado GenAI.,Gemini,,Otro,Meta IA,"No, uso la versión gratuita.","Muy accesibles (por ejemplo, puedo acceder y usar las herramientas de IA generativa cuando quiera)",Teléfono celular,,5 - Mucho,4 - Sí,4 - Sí,4 - Sí,4 - Sí,3 - Moderadamente,4 - Sí,5 - Mucho,Sí,Semanalmente,3 = En alguna medida,1 = Para nada,2 = En poca medida,1 = Para nada,1 = Para nada,3 = En alguna medida,3 = En alguna medida,1 = Para nada,1 = Para nada,3 = En alguna medida,3 = En alguna medida,1 = Para nada,2 = En poca medida,1 = Para nada,3 = En alguna medida,1 = Para nada,Na,"Colegas,Internet (por ejemplo, Google, YouTube),Experimentación",Sí,4 = En gran medida,4 = En gran medida,4 = En gran medida,1 = Para nada,1 = Para nada,4 = En gran medida,4 = En gran medida,4 = En gran medida,1 = Para nada,4 = En gran medida,4 = En gran medida,3 = En alguna medida,2 = En poca medida,4 = En gran medida,4 = En gran medida,5 = En grande medida,Proyectos de investigación guia ,Cómo apoyo para el aprendizaje de los estudiantes ,Que se acostumbren los estudiantes a solo usarla y no producir,"Conexión, y falta de equipos (cells, laptops)",How to use it better
10/23/24 15:11,10/23/24 15:41,IP Address,,100,1801,TRUE,10/23/24 15:41,R_110HL8Dll4Emj2G,,,,,,,anonymous,EN,Sí,Colombia,,Sí,Nivel universitario,Inglés,,53,30,He usado GenAI.,ChatGPT,,ChatGPT,,"Sí, lo pago yo.","Muy accesibles (por ejemplo, puedo acceder y usar las herramientas de IA generativa cuando quiera)","Computadora,Teléfono celular",,4 - Sí,4 - Sí,4 - Sí,4 - Sí,4 - Sí,4 - Sí,4 - Sí,4 - Sí,Sí,Semanalmente,5 = Con mucha frecuencia,5 = Con mucha frecuencia,5 = Con mucha frecuencia,5 = Con mucha frecuencia,5 = Con mucha frecuencia,5 = Con mucha frecuencia,5 = Con mucha frecuencia,5 = Con mucha frecuencia,3 = En alguna medida,4 = En gran medida,5 = Con mucha frecuencia,4 = En gran medida,4 = En gran medida,4 = En gran medida,3 = En alguna medida,1 = Para nada,,"Internet (por ejemplo, Google, YouTube),Experimentación",No,,,,,,,,,,,,,,,,,"Planeaciones de clase, análisis de datos, creación de contenido",,"Dependencia, información sesgada; falta de interacción humana; riesgo en la privacidad ; impacto en las evaluaciones ya que en ciertas ocasiones no se distingue la autenticidad de un trabajo; Preocupa el hecho de que se convierta en un sustituto del trabajo humano ","Margen de error en contenidos, es decir, los docentes deben asegurarse de que el contenido generado sea adecuado y libre de sesgos. Además, la IA requiere grandes cantidades de datos para personalizar el aprendizaje, los docentes deben velar por la protección de datos, no solo de ellos, sino de los estudiantes. Por otro lado, para algunos docentes podría ser complejo adaptarse o adaptar sus estilos de enseñanza a las IAs","No se puede negar que GenAI ofrece oportunidades valiosas para nosotros los docentes entre ellas la personalización del aprendizaje, análisis de datos y ayuda en el desarrollo de habilidades para procesos de investigación,; innovación en la educación a distancia y desarrollo de pensamiento crítico sobre pedagogía y tecnología, entre otros."
10/23/24 15:21,10/23/24 15:42,IP Address,,100,1259,TRUE,10/23/24 15:42,R_6rjvRkJXtaZbe9P,,,,,,,anonymous,EN,Sí,Colombia,,Sí,Escuela secundaria,Inglés,,37,15,"He oído hablar de ello, pero no lo uso.",,,,,,,,,4 - Sí,3 - Moderadamente,4 - Sí,3 - Moderadamente,4 - Sí,4 - Sí,3 - Moderadamente,3 - Moderadamente,No,,,,,,,,,,,,,,,,,,,"Talleres,Programa de preparación de profesores,Internet (por ejemplo, Google, YouTube),Experimentación",No,,,,,,,,,,,,,,,,,,Se pueden crear textos auténticos a partir de temas específicos ,Que se use de la manera correcta ,El poder aprender a usarla de la manera correcta,Si.. entrenamiento profesionales el manejo de estas nuevas herramientas 
10/23/24 16:22,10/23/24 16:40,IP Address,,100,1092,TRUE,10/23/24 16:40,R_6fldUSdSN5e0uc9,,,,,,,anonymous,EN,Sí,Colombia,,Sí,"Escuela secundaria,Nivel universitario",Inglés,,39,20,He usado GenAI.,"ChatGPT,Gemini",,ChatGPT,,"No, uso la versión gratuita.","Muy accesibles (por ejemplo, puedo acceder y usar las herramientas de IA generativa cuando quiera)","Computadora,Teléfono celular",,3 - Moderadamente,5 - Mucho,4 - Sí,3 - Moderadamente,3 - Moderadamente,3 - Moderadamente,3 - Moderadamente,3 - Moderadamente,Sí,Semanalmente,4 = En gran medida,4 = En gran medida,3 = En alguna medida,3 = En alguna medida,2 = En poca medida,4 = En gran medida,4 = En gran medida,4 = En gran medida,4 = En gran medida,3 = En alguna medida,4 = En gran medida,5 = Con mucha frecuencia,4 = En gran medida,4 = En gran medida,4 = En gran medida,1 = Para nada,,Experimentación,No,,,,,,,,,,,,,,,,,Producción textual,,,,
10/28/24 12:08,10/28/24 12:14,IP Address,,100,357,TRUE,10/28/24 12:14,R_6nxxLwca4XewcVj,,,,,,,anonymous,EN,Sí,Colombia,,Sí,Nivel universitario,Inglés,,53,20,He usado GenAI.,"ChatGPT,Gemini",,ChatGPT,,"No, uso la versión gratuita.","Algo accesibles (por ejemplo, puedo acceder a la IA generativa, pero no siempre es fácil)","Computadora,iPad o tableta,Teléfono celular",,3 - Moderadamente,4 - Sí,4 - Sí,3 - Moderadamente,4 - Sí,4 - Sí,3 - Moderadamente,4 - Sí,No,,,,,,,,,,,,,,,,,,,"Talleres,Programa de preparación de profesores,Estudiantes/Niños,Experimentación",No,,,,,,,,,,,,,,,,,Comprensión  auditiva,Autoaprendizaje,"Depencia , falta  de pensamiento crítico ",Limitaciones técnicas y en la formulación  de instrucciones  que den las respuestas  esperadas. ,Si
10/28/24 12:31,10/28/24 15:43,IP Address,,100,11495,TRUE,10/28/24 15:43,R_7WwgaPZN9glXhgR,,,,,,,anonymous,EN,Sí,Colombia,,Sí,"Escuela media,Nivel universitario",Inglés,,37,15 años ,He usado GenAI.,ChatGPT,,ChatGPT,,"No, uso la versión gratuita.","Muy accesibles (por ejemplo, puedo acceder y usar las herramientas de IA generativa cuando quiera)",Computadora,,3 - Moderadamente,4 - Sí,4 - Sí,2 - Ligeramente,2 - Ligeramente,3 - Moderadamente,3 - Moderadamente,4 - Sí,Sí,Semanalmente,3 = En alguna medida,3 = En alguna medida,4 = En gran medida,2 = En poca medida,2 = En poca medida,2 = En poca medida,4 = En gran medida,2 = En poca medida,2 = En poca medida,4 = En gran medida,2 = En poca medida,2 = En poca medida,2 = En poca medida,2 = En poca medida,2 = En poca medida,3 = En alguna medida,,"Talleres,Internet (por ejemplo, Google, YouTube)",No,,,,,,,,,,,,,,,,,Creo que no hay limitaciones en las actividades ,"Corrección de errores, ejemplos. ",Que los estudiantes se vuelven dependientes de la herramienta. ,Algunas personas piensan que por usar la herramienta ahora eres un profesor mediocre o flojo. ,"Si, me gustaría aprender como diseñar actividades diferenciadas para mis estudiantes. "
10/28/24 12:01,10/28/24 15:57,IP Address,,100,14190,TRUE,10/28/24 15:57,R_6LB8TSFCvebrYNi,,,,,,,anonymous,EN,Sí,Colombia,,Sí,Nivel universitario,Inglés,,37,13 años,He usado GenAI.,ChatGPT,,ChatGPT,,"No, uso la versión gratuita.","Muy accesibles (por ejemplo, puedo acceder y usar las herramientas de IA generativa cuando quiera)","Computadora,Teléfono celular",,4 - Sí,4 - Sí,4 - Sí,3 - Moderadamente,4 - Sí,4 - Sí,4 - Sí,4 - Sí,Sí,Semanalmente,3 = En alguna medida,4 = En gran medida,1 = Para nada,4 = En gran medida,1 = Para nada,3 = En alguna medida,1 = Para nada,1 = Para nada,1 = Para nada,1 = Para nada,1 = Para nada,2 = En poca medida,4 = En gran medida,1 = Para nada,1 = Para nada,1 = Para nada,,"Talleres,Programa de preparación de profesores,Colegas,Internet (por ejemplo, Google, YouTube),Experimentación",Sí,2 = En poca medida,2 = En poca medida,2 = En poca medida,4 = En gran medida,3 = En alguna medida,2 = En poca medida,3 = En alguna medida,2 = En poca medida,2 = En poca medida,3 = En alguna medida,3 = En alguna medida,3 = En alguna medida,4 = En gran medida,1 = Para nada,1 = Para nada,2 = En poca medida,Para que evalúe exámenes de producción oral por mi.,Hace algunas tareas más eficientes.,Que se creen herramientas que remplacen a los profesores totalmente.,No siempre da respuestas apropiadas para el nivel de mis estudiantes.,"Si, en las consecuencias éticas, en cómo crear actividades más complejas."
10/23/24 21:52,10/23/24 22:00,IP Address,,87,489,FALSE,10/30/24 22:00,R_3WGVhiq6n313kRx,,,,,,,anonymous,EN,Sí,Colombia,,Sí,"Escuela primaria,Escuela media",Inglés,,29,9 años,He usado GenAI.,ChatGPT,,ChatGPT,,"No, uso la versión gratuita.","Muy accesibles (por ejemplo, puedo acceder y usar las herramientas de IA generativa cuando quiera)","Computadora,Teléfono celular",,4 - Sí,4 - Sí,4 - Sí,4 - Sí,4 - Sí,4 - Sí,4 - Sí,4 - Sí,Sí,Semanalmente,4 = En gran medida,2 = En poca medida,2 = En poca medida,4 = En gran medida,4 = En gran medida,4 = En gran medida,3 = En alguna medida,1 = Para nada,2 = En poca medida,4 = En gran medida,5 = Con mucha frecuencia,2 = En poca medida,1 = Para nada,2 = En poca medida,4 = En gran medida,3 = En alguna medida,Revisión de textos ,"Colegas,Internet (por ejemplo, Google, YouTube),Experimentación",No,,,,,,,,,,,,,,,,,Diseño de exámenes ,,,,
10/27/24 16:26,10/27/24 16:27,IP Address,,7,55,FALSE,11/3/24 15:27,R_5f2P01nZBU8eZIG,,,,,,,anonymous,EN,Sí,,,,,,,,,,,,,,,,,,,,,,,,,,,,,,,,,,,,,,,,,,,,,,,,,,,,,,,,,,,,,,,,,,,
10/27/24 16:27,10/27/24 16:35,IP Address,,13,448,FALSE,11/3/24 15:35,R_3sXc0PYWUanK2cw,,,,,,,anonymous,EN,Sí,Colombia,,Sí,,,,,,,,,,,,,,,,,,,,,,,,,,,,,,,,,,,,,,,,,,,,,,,,,,,,,,,,,,,,,,,,
10/27/24 17:41,10/27/24 18:38,IP Address,,83,3404,FALSE,11/3/24 17:38,R_6GP6qxJM6sOHAsA,,,,,,,anonymous,EN,Sí,Colombia,,Sí,Escuela secundaria,Inglés,,44,5,"He oído hablar de ello, pero no lo uso.",,,,,,,,,5 - Mucho,3 - Moderadamente,5 - Mucho,4 - Sí,5 - Mucho,3 - Moderadamente,4 - Sí,5 - Mucho,Sí,Semanalmente,4 = En gran medida,5 = Con mucha frecuencia,5 = Con mucha frecuencia,5 = Con mucha frecuencia,5 = Con mucha frecuencia,5 = Con mucha frecuencia,5 = Con mucha frecuencia,5 = Con mucha frecuencia,5 = Con mucha frecuencia,5 = Con mucha frecuencia,5 = Con mucha frecuencia,5 = Con mucha frecuencia,5 = Con mucha frecuencia,5 = Con mucha frecuencia,5 = Con mucha frecuencia,5 = Con mucha frecuencia,,"Talleres,Colegas,Estudiantes/Niños,Internet (por ejemplo, Google, YouTube),Otro (permita escribir la respuesta)",Sí,4 = En gran medida,4 = En gran medida,4 = En gran medida,3 = En alguna medida,5 = En grande medida,3 = En alguna medida,4 = En gran medida,5 = En grande medida,4 = En gran medida,3 = En alguna medida,4 = En gran medida,4 = En gran medida,5 = En grande medida,4 = En gran medida,4 = En gran medida,4 = En gran medida,,,,,
11/4/24 17:32,11/4/24 17:37,IP Address,,100,292,TRUE,11/4/24 17:37,R_2ysqxncTLuhYkiR,,,,,,,anonymous,EN,Sí,Colombia,,Sí,Nivel universitario,Inglés,,41,20,He usado GenAI.,ChatGPT,,ChatGPT,,"No, uso la versión gratuita.","Muy accesibles (por ejemplo, puedo acceder y usar las herramientas de IA generativa cuando quiera)","Computadora,Teléfono celular",,4 - Sí,4 - Sí,4 - Sí,4 - Sí,4 - Sí,4 - Sí,4 - Sí,4 - Sí,Sí,Semanalmente,3 = En alguna medida,3 = En alguna medida,3 = En alguna medida,3 = En alguna medida,3 = En alguna medida,3 = En alguna medida,3 = En alguna medida,3 = En alguna medida,3 = En alguna medida,3 = En alguna medida,2 = En poca medida,2 = En poca medida,3 = En alguna medida,3 = En alguna medida,4 = En gran medida,3 = En alguna medida,,Experimentación,Sí,3 = En alguna medida,3 = En alguna medida,3 = En alguna medida,4 = En gran medida,2 = En poca medida,3 = En alguna medida,3 = En alguna medida,3 = En alguna medida,3 = En alguna medida,3 = En alguna medida,3 = En alguna medida,3 = En alguna medida,3 = En alguna medida,3 = En alguna medida,4 = En gran medida,4 = En gran medida,,,,,
11/4/24 17:34,11/4/24 17:55,IP Address,,100,1288,TRUE,11/4/24 17:55,R_1bpVZxXAjW8XAVb,,,,,,,anonymous,EN,Sí,Colombia,,Sí,Escuela secundaria,Inglés,,53,21 años,He usado GenAI.,"ChatGPT,Gemini",,Gemini,,"No, uso la versión gratuita.","Muy accesibles (por ejemplo, puedo acceder y usar las herramientas de IA generativa cuando quiera)","Computadora,Teléfono celular",,3 - Moderadamente,3 - Moderadamente,3 - Moderadamente,3 - Moderadamente,2 - Ligeramente,2 - Ligeramente,2 - Ligeramente,2 - Ligeramente,Sí,Mensualmente,3 = En alguna medida,3 = En alguna medida,4 = En gran medida,3 = En alguna medida,2 = En poca medida,2 = En poca medida,3 = En alguna medida,2 = En poca medida,3 = En alguna medida,3 = En alguna medida,2 = En poca medida,2 = En poca medida,2 = En poca medida,2 = En poca medida,4 = En gran medida,1 = Para nada,,"Colegas,Internet (por ejemplo, Google, YouTube),Experimentación",No,,,,,,,,,,,,,,,,,Trading students,La seguridad de crear una actividad con los componentes que debe tener en poco tiempo ,Que los estudiantes también la usan y buscan la información sin meditar sobre la habilidad que se pretende desarrollar ,"Que la temática aunque se acerca de manera general al contexto , no alcanza a estar completamente situada al estudiante ",Programas basados en casos para desarrollar la literacidad y estrategias efectivas para mejorar la enseñanza 
11/4/24 18:10,11/4/24 18:21,IP Address,,100,640,TRUE,11/4/24 18:21,R_1rDCvN9ZbN2Dn0J,,,,,,,anonymous,EN,Sí,Colombia,,Sí,"Escuela secundaria,Nivel universitario",Inglés,,50,26,"He oído hablar de ello, pero no lo uso.",,,,,,,,,3 - Moderadamente,2 - Ligeramente,3 - Moderadamente,3 - Moderadamente,4 - Sí,4 - Sí,4 - Sí,4 - Sí,Sí,Semanalmente,3 = En alguna medida,2 = En poca medida,2 = En poca medida,3 = En alguna medida,3 = En alguna medida,3 = En alguna medida,3 = En alguna medida,4 = En gran medida,4 = En gran medida,3 = En alguna medida,3 = En alguna medida,3 = En alguna medida,3 = En alguna medida,3 = En alguna medida,3 = En alguna medida,3 = En alguna medida,,"Internet (por ejemplo, Google, YouTube)",No,,,,,,,,,,,,,,,,,Creo que para todo lo que fuera posible,Procesos más rápido ,Quizás el rol pasivo del estudiante trtr ,Tratar de implementar todo en un proceso,Manejo y uso 
11/4/24 18:37,11/4/24 18:46,IP Address,,100,486,TRUE,11/4/24 18:46,R_3BrI9WwjnCtmbbr,,,,,,,anonymous,EN,Sí,Colombia,,Sí,Nivel universitario,"Inglés,Español",,41,20 + ,He usado GenAI.,"ChatGPT,Gemini",,Gemini,,"No, uso la versión gratuita.","Algo accesibles (por ejemplo, puedo acceder a la IA generativa, pero no siempre es fácil)","Computadora,Teléfono celular",,4 - Sí,5 - Mucho,5 - Mucho,5 - Mucho,4 - Sí,3 - Moderadamente,3 - Moderadamente,5 - Mucho,Sí,Mensualmente,2 = En poca medida,2 = En poca medida,3 = En alguna medida,3 = En alguna medida,1 = Para nada,2 = En poca medida,2 = En poca medida,2 = En poca medida,2 = En poca medida,2 = En poca medida,2 = En poca medida,1 = Para nada,2 = En poca medida,2 = En poca medida,2 = En poca medida,1 = Para nada,,"Programa de preparación de profesores,Estudiantes/Niños,Internet (por ejemplo, Google, YouTube),Experimentación",Sí,2 = En poca medida,2 = En poca medida,1 = Para nada,3 = En alguna medida,2 = En poca medida,2 = En poca medida,2 = En poca medida,2 = En poca medida,2 = En poca medida,2 = En poca medida,2 = En poca medida,2 = En poca medida,2 = En poca medida,2 = En poca medida,2 = En poca medida,2 = En poca medida,Grading papers ,Meeting students where they are ,Plagiarism ,Students’ Lack of critical thinking and approach/ impact  of AI in their own learning process ,Unsure 
11/4/24 19:18,11/4/24 19:30,IP Address,,100,691,TRUE,11/4/24 19:30,R_5WTvjTcIpzRe1jP,,,,,,,anonymous,EN,Sí,Colombia,,Sí,Escuela secundaria,Inglés,,46,20 años,He usado GenAI.,ChatGPT,,ChatGPT,,"No, uso la versión gratuita.","Muy accesibles (por ejemplo, puedo acceder y usar las herramientas de IA generativa cuando quiera)","Computadora,Teléfono celular",,4 - Sí,3 - Moderadamente,3 - Moderadamente,3 - Moderadamente,4 - Sí,3 - Moderadamente,3 - Moderadamente,4 - Sí,Sí,Semanalmente,3 = En alguna medida,3 = En alguna medida,3 = En alguna medida,2 = En poca medida,2 = En poca medida,2 = En poca medida,3 = En alguna medida,3 = En alguna medida,3 = En alguna medida,3 = En alguna medida,3 = En alguna medida,2 = En poca medida,3 = En alguna medida,2 = En poca medida,2 = En poca medida,3 = En alguna medida,Crear textos tipo ICFES,"Talleres,Programa de preparación de profesores,Internet (por ejemplo, Google, YouTube)",Sí,3 = En alguna medida,3 = En alguna medida,3 = En alguna medida,3 = En alguna medida,3 = En alguna medida,3 = En alguna medida,3 = En alguna medida,3 = En alguna medida,3 = En alguna medida,3 = En alguna medida,3 = En alguna medida,3 = En alguna medida,3 = En alguna medida,4 = En gran medida,3 = En alguna medida,3 = En alguna medida,"Planificación de planes de estudio, planeaciones me gustaría aprender mucho más.",Tiene una posibilidad amplia de ayudar aprender de forma interactiva el segundo idioma en mis estudiantes L2,Que sea usada de forma errónea por estudiantes y facilite en ellos la producción de sus tareas fácilmente.,"Que se requiere primero conexión internet, dónde laboro no hay (Estado) me toca valerme datos personales en los estudiantes para que usen estás herramientas.",Me encantaría aprender mucho más sobre este tema.
11/5/24 6:31,11/5/24 6:42,IP Address,,100,640,TRUE,11/5/24 6:42,R_3JTt4rOKuFPVfDr,,,,,,,anonymous,EN,Sí,Colombia,,Sí,Escuela media,Inglés,,47,22,"He oído hablar de ello, pero no lo uso.",,,,,,,,,3 - Moderadamente,3 - Moderadamente,2 - Ligeramente,3 - Moderadamente,2 - Ligeramente,3 - Moderadamente,3 - Moderadamente,3 - Moderadamente,Sí,Mensualmente,3 = En alguna medida,4 = En gran medida,4 = En gran medida,4 = En gran medida,4 = En gran medida,3 = En alguna medida,3 = En alguna medida,4 = En gran medida,4 = En gran medida,3 = En alguna medida,3 = En alguna medida,3 = En alguna medida,3 = En alguna medida,4 = En gran medida,4 = En gran medida,1 = Para nada,,"Internet (por ejemplo, Google, YouTube),Experimentación",No,,,,,,,,,,,,,,,,,,"Es posible crea nuevos contenidos, enlazarnos con otros grupos de estudio, revisar y complementar nuestras herramientas profesionales",Que se vuelva una herramienta que reemplace el pensamiento crítico. ,La capacitación a docentes y a estudiantes frente al tema.,"Si! Me gustaría recibir capacitación en diseño de actividades, creación de rúbricas, diseño de exámenes. 
"
11/5/24 6:40,11/5/24 6:43,IP Address,,100,166,TRUE,11/5/24 6:43,R_6PbCrdlNYuCZZZV,,,,,,,anonymous,EN,Sí,Colombia,,Sí,Preescolar,Inglés,,36,18,Nunca he oído hablar de ello.,,,,,,,,,2 - Ligeramente,4 - Sí,3 - Moderadamente,1 - Para nada,2 - Ligeramente,2 - Ligeramente,2 - Ligeramente,3 - Moderadamente,No,,,,,,,,,,,,,,,,,,,Aún no he aprendido cómo usar la inteligencia artificial generativa en mi aula.,No,,,,,,,,,,,,,,,,,,,,,
11/5/24 6:27,11/5/24 6:59,IP Address,,100,1910,TRUE,11/5/24 6:59,R_5Q5jRU4EIflBYy1,,,,,,,anonymous,EN,Sí,Colombia,,Sí,Escuela primaria,"Inglés,Español",,37,13 años,He usado GenAI.,"ChatGPT,Otro",Copilot,Otro,Copilot,"No, uso la versión gratuita.","Algo accesibles (por ejemplo, puedo acceder a la IA generativa, pero no siempre es fácil)","Computadora,iPad o tableta",,3 - Moderadamente,5 - Mucho,4 - Sí,1 - Para nada,1 - Para nada,1 - Para nada,2 - Ligeramente,5 - Mucho,Sí,Mensualmente,1 = Para nada,3 = En alguna medida,2 = En poca medida,3 = En alguna medida,3 = En alguna medida,2 = En poca medida,3 = En alguna medida,1 = Para nada,1 = Para nada,3 = En alguna medida,3 = En alguna medida,3 = En alguna medida,3 = En alguna medida,4 = En gran medida,2 = En poca medida,1 = Para nada,,Aún no he aprendido cómo usar la inteligencia artificial generativa en mi aula.,No,,,,,,,,,,,,,,,,,No se entiende la pregunta.,Ahorro de tiempo.,Que no se piense o trabaje más por delegar todo a la IA,La especificidad,"Si. Cómo mejorar la calidad de la clase, qué posibilidades hay para usar la IA"
11/5/24 7:04,11/5/24 7:15,IP Address,,100,692,TRUE,11/5/24 7:15,R_1CEf2xWH6W5WXVV,,,,,,,anonymous,EN,Sí,Colombia,,Sí,Escuela media,Inglés,,60,15,He usado GenAI.,"ChatGPT,Gemini,Otro",Perplexity,Otro,Notebook LM,"Sí, lo paga mi empleador.","Muy accesibles (por ejemplo, puedo acceder y usar las herramientas de IA generativa cuando quiera)",iPad o tableta,,5 - Mucho,5 - Mucho,5 - Mucho,5 - Mucho,4 - Sí,5 - Mucho,5 - Mucho,5 - Mucho,Sí,Semanalmente,3 = En alguna medida,4 = En gran medida,4 = En gran medida,3 = En alguna medida,3 = En alguna medida,1 = Para nada,4 = En gran medida,1 = Para nada,3 = En alguna medida,1 = Para nada,4 = En gran medida,2 = En poca medida,4 = En gran medida,4 = En gran medida,2 = En poca medida,1 = Para nada,?,Talleres,No,,,,,,,,,,,,,,,,,"No entiendo la pregunta.  Si no usaría GenAI, entonces no me gustaría.",Flexibilidad.,Recibir trabajos generados por GenAI de parte de los estudiantes.,LA falta del desarrollo individual de los trabajos asignados a los estudiantes.,"Si, fortalecimiento en el desarrollo cómo “prompt jockey”."
11/5/24 7:04,11/5/24 7:19,IP Address,,100,870,TRUE,11/5/24 7:19,R_7dZfh0OSFd3hyLX,,,,,,,anonymous,EN,Sí,Colombia,,Sí,Escuela primaria,Inglés,,28,8 años,He usado GenAI.,"ChatGPT,Gemini,Otro",Dalli,ChatGPT,,"No, uso la versión gratuita.","Muy accesibles (por ejemplo, puedo acceder y usar las herramientas de IA generativa cuando quiera)","Computadora,Teléfono celular",,4 - Sí,4 - Sí,4 - Sí,4 - Sí,3 - Moderadamente,3 - Moderadamente,3 - Moderadamente,5 - Mucho,Sí,Semanalmente,2 = En poca medida,3 = En alguna medida,1 = Para nada,5 = Con mucha frecuencia,1 = Para nada,4 = En gran medida,4 = En gran medida,1 = Para nada,4 = En gran medida,1 = Para nada,4 = En gran medida,1 = Para nada,3 = En alguna medida,3 = En alguna medida,1 = Para nada,1 = Para nada,,"Talleres,Programa de preparación de profesores,Colegas,Internet (por ejemplo, Google, YouTube),Experimentación",Sí,1 = Para nada,3 = En alguna medida,1 = Para nada,1 = Para nada,1 = Para nada,1 = Para nada,1 = Para nada,1 = Para nada,1 = Para nada,1 = Para nada,4 = En gran medida,3 = En alguna medida,3 = En alguna medida,1 = Para nada,1 = Para nada,5 = En grande medida,No había pensado en usarla como un elemento cultural. ,,"Me preocupa la ""naturalidad"" de la lengua, pues asumo que al usarse este medio se puede inclinar mucho a lo ""correcto"", y no a lo común.",Recurdar usar un prompt correcto y completo. ,"Sí, me gustaría muchos manejos sobre cómo hacer las clases más integradas."
11/5/24 7:10,11/5/24 7:37,IP Address,,100,1631,TRUE,11/5/24 7:37,R_7CHynJTylnZ4mdp,,,,,,,anonymous,EN,Sí,Colombia,,Sí,"Escuela primaria,Escuela media,Escuela secundaria,Nivel universitario","Inglés,Español",,63,40,He usado GenAI.,"ChatGPT,Gemini",,Otro,,"Sí, lo pago yo.","Algo accesibles (por ejemplo, puedo acceder a la IA generativa, pero no siempre es fácil)","Computadora,iPad o tableta,Teléfono celular",,3 - Moderadamente,3 - Moderadamente,3 - Moderadamente,2 - Ligeramente,2 - Ligeramente,2 - Ligeramente,2 - Ligeramente,2 - Ligeramente,No,,,,,,,,,,,,,,,,,,,"Internet (por ejemplo, Google, YouTube),Experimentación",No,,,,,,,,,,,,,,,,,No entiendo la pregunta: ,"Puede consolidar el rol del profesor como mediador y guia. Prioriza la formación en autonomia (responsabilidad, auto evaluación, metas= ","El que aún no tenemos docentes preparados, y solamente se usa la IA que provean  y como la preveen las editoriales eso si está incluida en los recursos. ","el costo, la falata de cambios en los recursos, la inexistencia de interes de arte de los directivos de los colegios, ","talleres, seminarios teóricos y  prácticos, "
11/5/24 7:34,11/5/24 7:41,IP Address,,100,463,TRUE,11/5/24 7:41,R_1CuL3gxCsce4MU1,,,,,,,anonymous,EN,Sí,Colombia,,Sí,Nivel universitario,Inglés,,32,9,He usado GenAI.,"ChatGPT,Gemini",,Gemini,,"No, uso la versión gratuita.","Muy accesibles (por ejemplo, puedo acceder y usar las herramientas de IA generativa cuando quiera)","Computadora,Teléfono celular",,4 - Sí,4 - Sí,4 - Sí,4 - Sí,4 - Sí,4 - Sí,4 - Sí,4 - Sí,Sí,Semanalmente,5 = Con mucha frecuencia,4 = En gran medida,4 = En gran medida,4 = En gran medida,4 = En gran medida,4 = En gran medida,4 = En gran medida,4 = En gran medida,4 = En gran medida,4 = En gran medida,4 = En gran medida,4 = En gran medida,5 = Con mucha frecuencia,4 = En gran medida,4 = En gran medida,4 = En gran medida,,Experimentación,No,,,,,,,,,,,,,,,,,Desarrollo de actividades ,Más tiempo para interactuar con los estudiantes ,Poca participación de los estudiantes en el diálogo ,Ninguno es un elemento ,Elaboración de prompts para la planeancion de clases 
11/5/24 7:39,11/5/24 7:43,IP Address,,100,274,TRUE,11/5/24 7:43,R_5kUBXyQpYlSUBYb,,,,,,,anonymous,EN,Sí,Colombia,,Sí,Nivel universitario,Inglés,,37,6,"He oído hablar de ello, pero no lo uso.",,,,,,,,,1 - Para nada,1 - Para nada,1 - Para nada,1 - Para nada,1 - Para nada,1 - Para nada,1 - Para nada,3 - Moderadamente,No,,,,,,,,,,,,,,,,,,,Aún no he aprendido cómo usar la inteligencia artificial generativa en mi aula.,No,,,,,,,,,,,,,,,,,"Enseñanza, corrección.","No sabe, no conoce.","No sabe, no conoce.","No sabe, no conoce.",Si. No conozco.
11/5/24 5:46,11/5/24 8:05,IP Address,,100,8340,TRUE,11/5/24 8:05,R_3Fy78TFXbtRJuqh,,,,,,,anonymous,EN,Sí,Colombia,,Sí,Nivel universitario,Inglés,,47,25 años,"He oído hablar de ello, pero no lo uso.",,,,,,,,,2 - Ligeramente,2 - Ligeramente,2 - Ligeramente,4 - Sí,3 - Moderadamente,1 - Para nada,1 - Para nada,4 - Sí,No,,,,,,,,,,,,,,,,,,,Otro (permita escribir la respuesta),Sí,2 = En poca medida,3 = En alguna medida,4 = En gran medida,2 = En poca medida,1 = Para nada,1 = Para nada,1 = Para nada,1 = Para nada,1 = Para nada,2 = En poca medida,3 = En alguna medida,2 = En poca medida,3 = En alguna medida,1 = Para nada,2 = En poca medida,2 = En poca medida,Tareas para la apropiación de las competencias comunicativas.,La interacción y el acompañamiento del desarrollo de las competencias comunicativas. ,El excesivo uso que afecte la interacción social y los actos comunicativos con la sociedad.,El limitado conocimiento en el uso de la herramienta.,El fortalecimiento de la enseñanza haciendo sinergia entre la tecnología y los métodos emergentes.
11/5/24 8:22,11/5/24 8:29,IP Address,,100,431,TRUE,11/5/24 8:29,R_7RHVN43OBpbNlkt,,,,,,,anonymous,EN,Sí,Colombia,,Sí,Escuela media,Inglés,,46,25 años,Nunca he oído hablar de ello.,,,,,,,,,2 - Ligeramente,2 - Ligeramente,2 - Ligeramente,2 - Ligeramente,3 - Moderadamente,2 - Ligeramente,3 - Moderadamente,3 - Moderadamente,No,,,,,,,,,,,,,,,,,,,Aún no he aprendido cómo usar la inteligencia artificial generativa en mi aula.,No,,,,,,,,,,,,,,,,,"Trabajos escritos, retroalimentación de trabajos, informacion de lo que es válido y no es válido al usar IA. ",Uso adecuado de la tecnología ,Que los estudiantes usen la IA para desarrollar sus trabajos sin esfuerzo y sin demostrar realmente lo que han aprendido realmente sin la ayuda de la IA. ,Que los alumnos tienden a usarla para que les desarrolle sus trabajos y tareas de una manera fácil y sin esfuerzo.,"Si, talleres y capacitación suficiente para poder usar la IA de manera correcta, legal y como apoyo y que los estudiantes también aprendan a hacerlo. "
11/5/24 9:46,11/5/24 9:51,IP Address,,100,308,TRUE,11/5/24 9:51,R_6zTqFvFEE4bEio2,,,,,,,anonymous,EN,Sí,Colombia,,Sí,Escuela secundaria,Inglés,,31,más de 10 años,"He oído hablar de ello, pero no lo uso.",,,,,,,,,2 - Ligeramente,3 - Moderadamente,4 - Sí,3 - Moderadamente,4 - Sí,4 - Sí,4 - Sí,4 - Sí,Sí,Semanalmente,3 = En alguna medida,4 = En gran medida,4 = En gran medida,3 = En alguna medida,1 = Para nada,1 = Para nada,2 = En poca medida,3 = En alguna medida,4 = En gran medida,4 = En gran medida,3 = En alguna medida,3 = En alguna medida,3 = En alguna medida,1 = Para nada,3 = En alguna medida,3 = En alguna medida,"Crear las actividades de alistamiento, o juegos","Internet (por ejemplo, Google, YouTube),Experimentación",No,,,,,,,,,,,,,,,,,Para las calificaciones.,"Con el uso correcto, proporciona más tiempo para el profesor.",Que idioma no suena tan generico.,"Igualmente, siempre tengo que corregir e editar.","Si, conocer más herramientas."
11/5/24 9:59,11/5/24 10:24,IP Address,,100,1505,TRUE,11/5/24 10:24,R_7KpB1iAaUKAiAut,,,,,,,anonymous,EN,Sí,Colombia,,Sí,"Preescolar,Escuela primaria,Escuela media,Escuela secundaria",Inglés,,64,35,He usado GenAI.,"ChatGPT,Claude,Gemini",,Claude,,"Sí, lo pago yo.","Muy accesibles (por ejemplo, puedo acceder y usar las herramientas de IA generativa cuando quiera)",iPad o tableta,,4 - Sí,4 - Sí,4 - Sí,4 - Sí,4 - Sí,4 - Sí,4 - Sí,5 - Mucho,Sí,Mensualmente,3 = En alguna medida,2 = En poca medida,3 = En alguna medida,2 = En poca medida,2 = En poca medida,3 = En alguna medida,2 = En poca medida,2 = En poca medida,2 = En poca medida,3 = En alguna medida,3 = En alguna medida,1 = Para nada,1 = Para nada,3 = En alguna medida,2 = En poca medida,3 = En alguna medida,Generar prompts para generar contenido específico relacionados con la enseñanza del idioma extranjera,"Internet (por ejemplo, Google, YouTube),Experimentación",No,,,,,,,,,,,,,,,,,"No lo usaría para preparar materials de apoyo especificos relacionados con los textos que usamos en la institución de los niveles de PK a segundo de primaria, pero me gustaría.","Ayuda mucho a no solo apoyar a los profesores en el desarrollo de lecciones para sus clases, sino también a ahorrar tiempo significativo en las mismas.","Que se pierde o se desmejora este contacto uno-a-uno personal con los estudiantes, y que los mismos profesores se vuelvan completamente dependientes del GenAI.","Por la edad de mis estudiantes, en este momento, no se me genera desafíos ni barreras.. ",Me gustaría recibir desarrollo profesional formal en cuanto a cómo podria incomporar la AI en los grados iniciales (K-3).
11/5/24 13:15,11/5/24 13:24,IP Address,,100,482,TRUE,11/5/24 13:24,R_7Rm7YFIs7rPFfT3,,,,,,,anonymous,EN,Sí,Colombia,,Sí,Escuela secundaria,Inglés,,43,22,He usado GenAI.,"ChatGPT,Gemini,Otro",Perplexity,Otro,Perplexity,"No, uso la versión gratuita.","Muy accesibles (por ejemplo, puedo acceder y usar las herramientas de IA generativa cuando quiera)",Computadora,,5 - Mucho,5 - Mucho,5 - Mucho,5 - Mucho,5 - Mucho,5 - Mucho,5 - Mucho,5 - Mucho,Sí,Diariamente,5 = Con mucha frecuencia,5 = Con mucha frecuencia,5 = Con mucha frecuencia,5 = Con mucha frecuencia,5 = Con mucha frecuencia,5 = Con mucha frecuencia,5 = Con mucha frecuencia,4 = En gran medida,4 = En gran medida,5 = Con mucha frecuencia,5 = Con mucha frecuencia,5 = Con mucha frecuencia,5 = Con mucha frecuencia,5 = Con mucha frecuencia,5 = Con mucha frecuencia,5 = Con mucha frecuencia,Creación de diapositivas y presentaciones.,"Talleres,Internet (por ejemplo, Google, YouTube),Experimentación",Sí,5 = En grande medida,4 = En gran medida,5 = En grande medida,5 = En grande medida,4 = En gran medida,4 = En gran medida,4 = En gran medida,4 = En gran medida,4 = En gran medida,4 = En gran medida,4 = En gran medida,4 = En gran medida,4 = En gran medida,4 = En gran medida,4 = En gran medida,4 = En gran medida,Para escribir experiencias personales.,Retroalimentación inmediata y ejemplos contextualizados.,Ninguna,Mis estudiantes no cuentan con acceso en clase y algunos tienen limitaciones de acceso en casa. ,Todo lo concerniente a maximizar y facilitar la labor docente en la enseñanza del inglés.
11/5/24 12:12,11/5/24 13:29,IP Address,,100,4636,TRUE,11/5/24 13:29,R_7tHCuwWaSiDvsuB,,,,,,,anonymous,EN,Sí,Colombia,,Sí,Nivel universitario,Inglés,,29,10,He usado GenAI.,Otro,Copilot,Otro,Copilot,"No, uso la versión gratuita.","Muy accesibles (por ejemplo, puedo acceder y usar las herramientas de IA generativa cuando quiera)",Computadora,,4 - Sí,5 - Mucho,5 - Mucho,3 - Moderadamente,4 - Sí,4 - Sí,4 - Sí,4 - Sí,Sí,Mensualmente,2 = En poca medida,2 = En poca medida,3 = En alguna medida,1 = Para nada,3 = En alguna medida,2 = En poca medida,2 = En poca medida,1 = Para nada,1 = Para nada,1 = Para nada,3 = En alguna medida,2 = En poca medida,3 = En alguna medida,2 = En poca medida,1 = Para nada,1 = Para nada,,"Talleres,Internet (por ejemplo, Google, YouTube),Experimentación",No,,,,,,,,,,,,,,,,,"Desde mi perspectiva, la pregunta no es clara y carece de coherencia.",La creación de material multimodal en beneficio de los estudiantes.,El uso indiscriminado de la herramienta para la presentación de trabajos no propios.,La confiabilidad de los recursos generados por la AI.,"Por supuesto que sí. Sería interesante tener la oportunidad de ser parte de un curso virtual con personas de diferentes instituciones del país, donde el diálogo prevalezca en la construcción de nuevos conocimientos."
11/5/24 13:51,11/5/24 14:09,IP Address,,100,1032,TRUE,11/5/24 14:09,R_5s52AZSlCugtbAN,,,,,,,anonymous,EN,Sí,Colombia,,Sí,"Escuela media,Escuela secundaria,Nivel universitario",Inglés,,51,20,He usado GenAI.,"ChatGPT,Gemini",,ChatGPT,,"No, uso la versión gratuita.","Algo accesibles (por ejemplo, puedo acceder a la IA generativa, pero no siempre es fácil)",Computadora,,3 - Moderadamente,3 - Moderadamente,3 - Moderadamente,3 - Moderadamente,2 - Ligeramente,2 - Ligeramente,3 - Moderadamente,4 - Sí,Sí,Mensualmente,4 = En gran medida,3 = En alguna medida,4 = En gran medida,3 = En alguna medida,2 = En poca medida,2 = En poca medida,3 = En alguna medida,3 = En alguna medida,3 = En alguna medida,2 = En poca medida,3 = En alguna medida,2 = En poca medida,2 = En poca medida,3 = En alguna medida,2 = En poca medida,5 = Con mucha frecuencia,Ideas de juegos en grupos,"Programa de preparación de profesores,Otro (permita escribir la respuesta)",No,,,,,,,,,,,,,,,,,creacion en ensayos,Los niños pueden practicar el idioma en una situacion determinada,"Que los estudiantes dependan totalmente de la AI.
",Falta de conexión a internet y equipos de computo que funcionen adecuadamente. Los equipos de las instituciones son obsoletos.,"Si me gustaría. Practica de idiomas, diseño de presentaciones y material visual, diseño de juegos insteractivos"
11/6/24 5:18,11/6/24 5:23,IP Address,,100,267,TRUE,11/6/24 5:23,R_7GeVmlbhx9rv60x,,,,,,,anonymous,EN,Sí,Colombia,,Sí,Preescolar,"Inglés,Español",,26,3 años ,He usado GenAI.,ChatGPT,,ChatGPT,,"No, uso la versión gratuita.","Muy accesibles (por ejemplo, puedo acceder y usar las herramientas de IA generativa cuando quiera)",Computadora,,4 - Sí,4 - Sí,4 - Sí,4 - Sí,4 - Sí,4 - Sí,4 - Sí,4 - Sí,Sí,Mensualmente,3 = En alguna medida,3 = En alguna medida,1 = Para nada,1 = Para nada,1 = Para nada,3 = En alguna medida,3 = En alguna medida,4 = En gran medida,3 = En alguna medida,1 = Para nada,3 = En alguna medida,1 = Para nada,3 = En alguna medida,1 = Para nada,3 = En alguna medida,1 = Para nada,,Experimentación,No,,,,,,,,,,,,,,,,,Cualquier actividad o tarea que tenga en ella información sensible ,,,,
11/4/24 18:05,11/4/24 18:09,IP Address,,87,256,FALSE,11/11/24 18:09,R_5KreqrN8t7F3uKt,,,,,,,anonymous,EN,Sí,Colombia,,Sí,Escuela secundaria,Inglés,,42,15,He usado GenAI.,"ChatGPT,Gemini",,ChatGPT,,"No, uso la versión gratuita.","Muy accesibles (por ejemplo, puedo acceder y usar las herramientas de IA generativa cuando quiera)","Computadora,Teléfono celular",,4 - Sí,3 - Moderadamente,3 - Moderadamente,2 - Ligeramente,3 - Moderadamente,3 - Moderadamente,2 - Ligeramente,3 - Moderadamente,No,,,,,,,,,,,,,,,,,,,Experimentación,No,,,,,,,,,,,,,,,,,,,,,
11/4/24 18:33,11/4/24 18:42,IP Address,,27,555,FALSE,11/11/24 18:42,R_5s2Xi6mqqr5UlPP,,,,,,,anonymous,EN,Sí,Colombia,,Sí,Nivel universitario,Inglés,,40,18 años,,,,,,,,,,,,,,,,,,,,,,,,,,,,,,,,,,,,,,,,,,,,,,,,,,,,,,,,,,,
11/4/24 18:48,11/4/24 18:50,IP Address,,50,122,FALSE,11/11/24 18:50,R_6jNzJPRZbbEcDeP,,,,,,,anonymous,EN,Sí,Colombia,,Sí,"Preescolar,Escuela primaria,Escuela media,Escuela secundaria,Nivel universitario","Inglés,Francés,Alemán,Otro",,68,25,Nunca he oído hablar de ello.,,,,,,,,,,,,,,,,,,,,,,,,,,,,,,,,,,,,,,,,,,,,,,,,,,,,,,,,,,
11/4/24 19:54,11/5/24 5:43,IP Address,,87,35343,FALSE,11/12/24 5:43,R_5hg1ojb34OslqwL,,,,,,,anonymous,EN,Sí,Colombia,,Sí,Escuela secundaria,Inglés,,45,20 años,He usado GenAI.,"ChatGPT,Gemini",,Gemini,,"No, uso la versión gratuita.","Algo accesibles (por ejemplo, puedo acceder a la IA generativa, pero no siempre es fácil)","Computadora,Teléfono celular",,3 - Moderadamente,4 - Sí,4 - Sí,3 - Moderadamente,2 - Ligeramente,3 - Moderadamente,4 - Sí,4 - Sí,Sí,Mensualmente,3 = En alguna medida,3 = En alguna medida,2 = En poca medida,3 = En alguna medida,3 = En alguna medida,3 = En alguna medida,4 = En gran medida,3 = En alguna medida,3 = En alguna medida,3 = En alguna medida,3 = En alguna medida,2 = En poca medida,2 = En poca medida,3 = En alguna medida,2 = En poca medida,2 = En poca medida,,Talleres,No,,,,,,,,,,,,,,,,,Para interactuar con personas de otros países en tiempo real,,,,
11/5/24 6:20,11/5/24 6:28,IP Address,,87,473,FALSE,11/12/24 6:28,R_3HqrurjkfbpTRAt,,,,,,,anonymous,EN,Sí,Colombia,,Sí,"Preescolar,Escuela primaria,Escuela media",Inglés,,44,20 años,"He oído hablar de ello, pero no lo uso.",,,,,,,,,3 - Moderadamente,2 - Ligeramente,2 - Ligeramente,1 - Para nada,1 - Para nada,2 - Ligeramente,2 - Ligeramente,4 - Sí,No,,,,,,,,,,,,,,,,,,,Aún no he aprendido cómo usar la inteligencia artificial generativa en mi aula.,No,,,,,,,,,,,,,,,,,Creación ,,,,
11/5/24 9:50,11/5/24 9:50,IP Address,,27,38,FALSE,11/12/24 9:50,R_6PK0poX3UyKTk3v,,,,,,,anonymous,EN,Sí,Colombia,,Sí,Escuela secundaria,Inglés,,35,8 years,,,,,,,,,,,,,,,,,,,,,,,,,,,,,,,,,,,,,,,,,,,,,,,,,,,,,,,,,,,
11/5/24 16:28,11/5/24 16:34,IP Address,,70,383,FALSE,11/12/24 16:35,R_3E2piKqPMYY08Ux,,,,,,,anonymous,EN,Sí,Colombia,,Sí,"Escuela primaria,Nivel universitario",Inglés,,40,20,"He oído hablar de ello, pero no lo uso.",,,,,,,,,4 - Sí,1 - Para nada,2 - Ligeramente,4 - Sí,4 - Sí,4 - Sí,4 - Sí,4 - Sí,No,,,,,,,,,,,,,,,,,,,,,,,,,,,,,,,,,,,,,,,,,
12/2/24 15:11,12/2/24 15:14,IP Address,,70,213,FALSE,12/9/24 15:24,R_3rMavDxi37J7CuZ,,,,,,,anonymous,EN,Sí,Colombia,,Sí,"Escuela secundaria,Nivel universitario",Inglés,,44,24,He usado GenAI.,"ChatGPT,Gemini",,ChatGPT,,"No, uso la versión gratuita.","Algo accesibles (por ejemplo, puedo acceder a la IA generativa, pero no siempre es fácil)","Computadora,Teléfono celular",,2 - Ligeramente,2 - Ligeramente,2 - Ligeramente,2 - Ligeramente,2 - Ligeramente,2 - Ligeramente,2 - Ligeramente,2 - Ligeramente,Sí,Mensualmente,2 = En poca medida,2 = En poca medida,2 = En poca medida,3 = En alguna medida,1 = Para nada,1 = Para nada,1 = Para nada,3 = En alguna medida,2 = En poca medida,1 = Para nada,2 = En poca medida,1 = Para nada,2 = En poca medida,1 = Para nada,2 = En poca medida,3 = En alguna medida,Planeación de clases u actividades innovadoras,,,,,,,,,,,,,,,,,,,,,,,